{
  "groups": {
    "LOW_VOL": {
      "bin_edges": [
        0.0,
        10.0,
        20.0,
        30.0,
        40.0,
        50.0,
        60.0,
        70.0,
        80.0,
        90.0,
        100.0
      ],
      "calibration_mapping": {
        "15": 0.35185185185185186,
        "25": 0.5256410256410257,
        "35": 0.5256410256410257,
        "45": 0.5256410256410257,
        "55": 0.7880794701986755,
        "65": 0.7880794701986755,
        "75": 0.7880794701986755,
        "85": 0.7880794701986755
      },
      "config": {
        "method": "isotonic",
        "n_bins": 10
      },
      "method": "isotonic",
      "n_bins": 10
    },
    "NORMAL_VOL": {
      "bin_edges": [
        0.0,
        10.0,
        20.0,
        30.0,
        40.0,
        50.0,
        60.0,
        70.0,
        80.0,
        90.0,
        100.0
      ],
      "calibration_mapping": {
        "15": 0.513733468972533,
        "25": 0.513733468972533,
        "45": 0.513733468972533,
        "65": 0.513733468972533,
        "75": 0.513733468972533,
        "85": 0.513733468972533
      },
      "config": {
        "method": "isotonic",
        "n_bins": 10
      },
      "method": "isotonic",
      "n_bins": 10
    },
    "VOL_EXPANSION": {
      "bin_edges": [
        0.0,
        10.0,
        20.0,
        30.0,
        40.0,
        50.0,
        60.0,
        70.0,
        80.0,
        90.0,
        100.0
      ],
      "calibration_mapping": {
        "15": 0.5991510006064281,
        "25": 0.5991510006064281,
        "35": 0.5991510006064281,
        "45": 0.5991510006064281,
        "55": 0.5991510006064281,
        "65": 0.5991510006064281,
        "75": 0.5991510006064281,
        "85": 0.5991510006064281
      },
      "config": {
        "method": "isotonic",
        "n_bins": 10
      },
      "method": "isotonic",
      "n_bins": 10
    }
  },
  "meta": {
    "fallback_global_calibrator": "/Users/pramitdutta/Desktop/Quant Engines/options_quant_engine/models_store/direction_probability_calibrator.json",
    "method": "isotonic",
    "min_group_samples": 250,
    "n_bins": 10,
    "regime_column": "volatility_regime"
  }
}