{
  "method": "isotonic",
  "n_bins": 10,
  "config": {
    "method": "isotonic",
    "n_bins": 10
  },
  "calibration_mapping": {
    "15": 0.5871559633027523,
    "25": 0.5871559633027523,
    "35": 0.5871559633027523,
    "45": 0.5871559633027523,
    "55": 0.5871559633027523,
    "65": 0.5871559633027523,
    "75": 0.5871559633027523,
    "85": 0.5871559633027523
  },
  "bin_edges": [
    0.0,
    10.0,
    20.0,
    30.0,
    40.0,
    50.0,
    60.0,
    70.0,
    80.0,
    90.0,
    100.0
  ]
}