{
  "groups": {
    "NEGATIVE_GAMMA": {
      "bin_edges": [
        0.0,
        10.0,
        20.0,
        30.0,
        40.0,
        50.0,
        60.0,
        70.0,
        80.0,
        90.0,
        100.0
      ],
      "calibration_mapping": {
        "15": 0.664364640883978,
        "25": 0.664364640883978,
        "35": 0.6831683168316832,
        "45": 0.8647342995169082,
        "55": 0.8647342995169082,
        "65": 0.8647342995169082,
        "75": 0.8647342995169082,
        "85": 0.8647342995169082
      },
      "config": {
        "method": "isotonic",
        "n_bins": 10
      },
      "method": "isotonic",
      "n_bins": 10
    },
    "NEUTRAL_GAMMA": {
      "bin_edges": [
        0.0,
        10.0,
        20.0,
        30.0,
        40.0,
        50.0,
        60.0,
        70.0,
        80.0,
        90.0,
        100.0
      ],
      "calibration_mapping": {
        "15": 0.7730496453900709,
        "25": 0.8410852713178295,
        "35": 0.8410852713178295,
        "45": 0.8410852713178295,
        "55": 0.8410852713178295,
        "65": 0.8513761467889909,
        "75": 0.8513761467889909,
        "85": 0.8513761467889909
      },
      "config": {
        "method": "isotonic",
        "n_bins": 10
      },
      "method": "isotonic",
      "n_bins": 10
    },
    "POSITIVE_GAMMA": {
      "bin_edges": [
        0.0,
        10.0,
        20.0,
        30.0,
        40.0,
        50.0,
        60.0,
        70.0,
        80.0,
        90.0,
        100.0
      ],
      "calibration_mapping": {
        "15": 0.3937308868501529,
        "25": 0.3937308868501529,
        "35": 0.3937308868501529,
        "45": 0.3937308868501529,
        "55": 0.3937308868501529,
        "65": 0.3937308868501529,
        "75": 0.3937308868501529,
        "85": 0.3937308868501529
      },
      "config": {
        "method": "isotonic",
        "n_bins": 10
      },
      "method": "isotonic",
      "n_bins": 10
    }
  },
  "meta": {
    "fallback_global_calibrator": "models_store/direction_probability_calibrator.json",
    "method": "isotonic",
    "min_group_samples": 40,
    "n_bins": 10,
    "regime_column": "gamma_regime"
  }
}