{
  "groups": {
    "NEGATIVE_GAMMA": {
      "bin_edges": [
        0.0,
        10.0,
        20.0,
        30.0,
        40.0,
        50.0,
        60.0,
        70.0,
        80.0,
        90.0,
        100.0
      ],
      "calibration_mapping": {
        "15": 0.66005291005291,
        "25": 0.66005291005291,
        "35": 0.66005291005291,
        "45": 0.66005291005291,
        "55": 0.66005291005291,
        "65": 0.66005291005291,
        "75": 0.6996904024767802,
        "85": 0.6996904024767802
      },
      "config": {
        "method": "isotonic",
        "n_bins": 10
      },
      "method": "isotonic",
      "n_bins": 10
    },
    "NEUTRAL_GAMMA": {
      "bin_edges": [
        0.0,
        10.0,
        20.0,
        30.0,
        40.0,
        50.0,
        60.0,
        70.0,
        80.0,
        90.0,
        100.0
      ],
      "calibration_mapping": {
        "15": 0.7730496453900709,
        "25": 0.7745952677459527,
        "35": 0.7745952677459527,
        "45": 0.7745952677459527,
        "55": 0.7745952677459527,
        "65": 0.7745952677459527,
        "75": 0.7745952677459527,
        "85": 0.7745952677459527
      },
      "config": {
        "method": "isotonic",
        "n_bins": 10
      },
      "method": "isotonic",
      "n_bins": 10
    },
    "POSITIVE_GAMMA": {
      "bin_edges": [
        0.0,
        10.0,
        20.0,
        30.0,
        40.0,
        50.0,
        60.0,
        70.0,
        80.0,
        90.0,
        100.0
      ],
      "calibration_mapping": {
        "15": 0.408220271348763,
        "25": 0.408220271348763,
        "35": 0.408220271348763,
        "45": 0.408220271348763,
        "55": 0.408220271348763,
        "65": 0.408220271348763,
        "75": 0.408220271348763,
        "85": 0.408220271348763
      },
      "config": {
        "method": "isotonic",
        "n_bins": 10
      },
      "method": "isotonic",
      "n_bins": 10
    }
  },
  "meta": {
    "fallback_global_calibrator": "/Users/pramitdutta/Desktop/Quant Engines/options_quant_engine/models_store/direction_probability_calibrator.json",
    "method": "isotonic",
    "min_group_samples": 250,
    "n_bins": 10,
    "regime_column": "gamma_regime"
  }
}